ID,Institution Name,CITY,STABBR,Latitude,Longitude
150668,Goshen College,Goshen,IN,41.562483,-85.825225
150677,Grace College and Theological Seminary,Winona Lake,IN,36.879949,-87.664713
150756,Hanover College,Hanover,IN,38.7165177,-85.4616428
150765,J Michael Harrold Beauty Academy,Terre Haute,IN,31.781469,-93.654069
150774,Holy Cross College,Notre Dame,IN,41.6980783,-86.2532233
150853,PJ's College of Cosmetology-Clarksville,Clarksville,IN,32.973525,-111.515363
150941,Huntington University,Huntington,IN,40.8990516,-85.5022119
150987,Ivy Tech Community College,Indianapolis,IN,41.1122807,-85.1115341
151102,Purdue University Fort Wayne,Fort Wayne,IN,41.1171948,-85.1069762
151111,Indiana University-Purdue University-Indianapolis,Indianapolis,IN,39.7747773,-86.1769636
151263,University of Indianapolis,Indianapolis,IN,39.7093964,-86.1344523
151290,Indiana Institute of Technology,Fort Wayne,IN,41.0777476,-85.1182247
151306,University of Southern Indiana,Evansville,IN,37.9584686,-87.6742032
151324,Indiana State University,Terre Haute,IN,39.470372,-87.4081968
151333,Indiana University-Kokomo,Kokomo,IN,40.4594635,-86.1302691
151342,Indiana University-South Bend,South Bend,IN,41.659448,-86.218689
151351,Indiana University-Bloomington,Bloomington,IN,39.1802358,-86.5093526
151360,Indiana University-Northwest,Gary,IN,41.557056,-87.3377507
151379,Indiana University-Southeast,New Albany,IN,38.3436674,-85.8196412
151388,Indiana University-East,Richmond,IN,39.869481,-84.8795691
151467,International Business College-Indianapolis,Indianapolis,IN,39.8855244,-86.0417243
151564,Taylor Institute of Cosmetology II,Knox,IN,35.313271,-77.783597
151607,Tricoci University of Beauty Culture-Lafayette,Lafayette,IN,40.4197989,-86.8870019
151661,Lincoln College of Technology-Indianapolis,Indianapolis,IN,30.279179,-96.952297
151777,Manchester University,North Manchester,IN,41.0117756,-85.7600095
151786,Marian University,Indianapolis,IN,43.7774111,-88.4141279
151801,Indiana Wesleyan University-Marion,Marion,IN,40.5163759,-85.664165
151810,Martin University,Indianapolis,IN,39.7982082,-86.104001
151865,Anabaptist Mennonite Biblical Seminary,Elkhart,IN,41.6565727,-85.9720267
151962,Mid-America College of Funeral Service,Jeffersonville,IN,38.3120732,-85.7446786
152044,West Michigan College of Barbering and Beauty,Kalamazoo,MI,31.900213,-98.613002
152080,University of Notre Dame,Notre Dame,IN,41.7045677,-86.2382203
152099,Oakland City University,Oakland City,IN,38.8752175,-86.483164
152150,PJ's College of Cosmetology-Richmond,Richmond,IN,32.973525,-111.515363
152275,Ravenscroft Beauty College,Fort Wayne,IN,41.121824,-85.0460584
152309,Rogers Academy of Hair Design,Evansville,IN,38.304375,-84.536085
152318,Rose-Hulman Institute of Technology,Terre Haute,IN,39.4829201,-87.3241582
152336,University of Saint Francis-Fort Wayne,Fort Wayne,IN,41.0869308,-85.1789805
152381,Saint Mary-of-the-Woods College,Saint Mary of the Woods,IN,39.509411,-87.4597948
152390,Saint Mary's College,Notre Dame,IN,41.7074744,-86.2562801
152451,Saint Meinrad School of Theology,St. Meinrad,IN,38.164628,-86.777876
152497,Saint Elizabeth School of Nursing,Lafayette,IN,42.380607,-90.228325
152530,Taylor University,Upland,IN,40.4560812,-85.5011884
152567,Trine University,Angola,IN,41.6311141,-85.0105982
152600,Valparaiso University,Valparaiso,IN,41.4629593,-87.0446018
152628,Vincennes Beauty College,Vincennes,IN,37.838813,-82.439359
152637,Vincennes University,Vincennes,IN,38.6882751,-87.5194741
152673,Wabash College,Crawfordsville,IN,40.0367517,-86.9072699
152798,Allen College,Waterloo,IA,42.5300951,-92.3403229
152992,Briar Cliff University,Sioux City,IA,42.526707,-96.4283595
153001,Buena Vista University,Storm Lake,IA,42.6405657,-95.209698
153074,Capri College-Dubuque,Dubuque,IA,42.497245,-90.6655542
153083,Capri College-Cedar Rapids,Cedar Rapids,IA,41.9606577,-91.7101971
153108,Central College,Pella,IA,41.4036435,-92.9315988
153126,Clarke University,Dubuque,IA,42.5094466,-90.6906829
153144,Coe College,Cedar Rapids,IA,41.9905971,-91.6569664
153162,Cornell College,Mount Vernon,IA,41.9253978,-91.4239855
153214,Des Moines Area Community College,Ankeny,IA,41.5215951,-93.6040072
153241,Divine Word College,Epworth,IA,42.4428731,-90.9343416
153250,Dordt University,Sioux Center,IA,43.080661,-96.1640468
153269,Drake University,Des Moines,IA,41.6030742,-93.6552753
153278,University of Dubuque,Dubuque,IA,42.495065,-90.6965636
153296,Ellsworth Community College,Iowa Falls,IA,42.5270568,-93.266609
153302,Emmaus Bible College,Dubuque,IA,42.5087374,-90.7060749
153311,Eastern Iowa Community College District,Davenport,IA,38.841087,-76.90153
153320,Faith Baptist Bible College and Theological Seminary,Ankeny,IA,42.551159,-72.752648
153366,Graceland University-Lamoni,Lamoni,IA,40.6169077,-93.9255656
153375,Grand View University,Des Moines,IA,41.6198031,-93.5988096
153384,Grinnell College,Grinnell,IA,41.7511199,-92.7198486
153427,Orion Technical College,Davenport,IA,36.400698,-81.421619
153445,Hawkeye Community College,Waterloo,IA,42.4249406,-92.3323143
153463,American Hair Academy,Mt. Pleasant,IA,38.165394,-122.249301
153472,Indian Hills Community College,Ottumwa,IA,41.0440635,-92.3916157
153524,Iowa Central Community College,Fort Dodge,IA,42.489531,-94.2032648
153533,Iowa Lakes Community College,Estherville,IA,43.3971061,-94.8167437
153542,UnityPoint Health-Des Moines School of Radiologic Technology,Des Moines,IA,30.523038,-87.900446
153597,Iowa School of Beauty-Des Moines,Des Moines,IA,30.523038,-87.900446
153603,Iowa State University,Ames,IA,42.0279608,-93.6447375
153621,Iowa Wesleyan University,Mount Pleasant,IA,40.9752886,-91.5466522
153630,Iowa Western Community College,Council Bluffs,IA,41.2737404,-95.8003426
153658,University of Iowa,Iowa City,IA,41.6311024,-91.540752
153737,Kirkwood Community College,Cedar Rapids,IA,41.9068961,-91.6497012
153746,La James International College-Cedar Falls,Cedar Falls,IA,36.179058,-90.841166
153764,La James International College-Johnston,Johnston,IA,41.661008,-93.7384912
153773,La James College of Hairstyling and Cosmetology,Mason City,IA,32.973563,-111.511064
153782,La James International College-Ft Dodge,Fort Dodge,IA,33.018056,-83.43275
153825,Loras College,Dubuque,IA,42.5041692,-90.6815163
153834,Luther College,Decorah,IA,43.9667284,-91.2207788
153861,Maharishi International University,Fairfield,IA,41.023532,-91.963967
153922,Marshalltown Community College,Marshalltown,IA,41.9993973,-92.9052525
153977,Mercy College of Health Sciences,Des Moines,IA,41.5943402,-93.6260328
154004,Morningside University,Sioux City,IA,43.0269492,-76.1258292
154013,Mount Mercy University,Cedar Rapids,IA,42.002593,-91.6519689
154022,Ashford University,San Diego,CA,32.8272306,-117.1419519
154059,North Iowa Area Community College,Mason City,IA,43.1576201,-93.1316612
154095,University of Northern Iowa,Cedar Falls,IA,42.5149569,-92.4629522
154101,Northwestern College,Orange City,IA,42.9995987,-96.0543218
154110,Northeast Iowa Community College,Calmar,IA,42.4998277,-90.6662717
154129,Northwest Iowa Community College,Sheldon,IA,43.1828171,-95.8773327
154156,Des Moines University-Osteopathic Medical Center,Des Moines,IA,47.422939,-122.320056
154174,Palmer College of Chiropractic,Davenport,IA,41.5294751,-90.5733917
154208,PCI Academy-Ames,Ames,IA,30.603943,-87.157291
154235,Saint Ambrose University,Davenport,IA,33.484975,-80.456576
154262,St Luke's College,Sioux City,IA,42.5201973,-96.4047761
154332,La James International College-Davenport,Davenport,IA,33.018056,-83.43275
154350,Simpson College,Indianola,IA,41.3663332,-93.5660546
154378,Southeastern Community College,West Burlington,IA,40.8153986,-91.180509
154396,Southwestern Community College,Creston,IA,41.0741837,-94.3793908
154448,Capri College-Davenport,Davenport,IA,33.375323,-95.688718
154457,Iowa School of Beauty-Sioux City,Sioux City,IA,30.523038,-87.900446
154466,E Q School of Hair Design,Council Bluffs,IA,43.646924,-84.977654
154493,Upper Iowa University,Fayette,IA,42.8395855,-91.7933043
154518,Waldorf University,Forest City,IA,43.2575535,-93.6477234
154527,Wartburg College,Waverly,IA,42.7311431,-92.4856838
154536,Wartburg Theological Seminary,Dubuque,IA,42.261182,-111.274868
154545,The Salon Professional Academy-Cedar Falls,Cedar Falls,IA,35.85016,-78.609032
154572,Western Iowa Tech Community College,Sioux City,IA,42.485049,-96.345615
154590,William Penn University,Oskaloosa,IA,41.3117756,-92.6489405
154642,Allen County Community College,Iola,KS,37.9382183,-95.3952587
154688,Baker University,Baldwin City,KS,38.7762431,-95.179395
154697,Barton County Community College,Great Bend,KS,38.4016355,-98.7331815
154712,Benedictine College,Atchison,KS,39.5751839,-95.113919
154721,Bethany College,Lindsborg,KS,40.2058045,-80.5616586
154749,Bethel College-North Newton,North Newton,KS,38.0761894,-97.3433939
154800,Butler Community College,El Dorado,KS,37.8059393,-96.8830807
154855,Central Christian College of Kansas,McPherson,KS,38.3569527,-97.6675424
154907,Cloud County Community College,Concordia,KS,39.5543598,-97.6647549
154925,Coffeyville Community College,Coffeyville,KS,37.0332901,-95.6210424
154934,Colby Community College,Colby,KS,39.3782233,-101.0517702
154952,Cowley County Community College,Arkansas City,KS,37.4750713,-97.2392873
154998,Dodge City Community College,Dodge City,KS,37.7771539,-100.0374148
155007,Donnelly College,Kansas City,KS,39.1126406,-94.6509577
155025,Emporia State University,Emporia,KS,38.4132728,-96.1801001
155052,Flint Hills Technical College,Emporia,KS,38.417895,-96.2247136
155061,Fort Hays State University,Hays,KS,38.8706832,-99.3442115
155070,Barclay College,Haviland,KS,37.6207757,-99.1049702
155089,Friends University,Wichita,KS,37.6784007,-97.3654214
155098,Fort Scott Community College,Fort Scott,KS,37.8164278,-94.715548
155104,Garden City Community College,Garden City,KS,37.9700085,-100.8496682
155140,Haskell Indian Nations University,Lawrence,KS,38.9350688,-95.2331843
155159,Hays Academy of Hair Design,Hays,KS,40.494475,-77.48319
155177,Hesston College,Hesston,KS,38.1346846,-97.4339183
155186,Highland Community College,Highland,KS,39.8609334,-95.2722006
155195,Hutchinson Community College,Hutchinson,KS,38.0666217,-97.9199357
155201,Independence Community College,Independence,KS,37.1940321,-95.7192466
155210,Johnson County Community College,Overland Park,KS,38.9228761,-94.7306468
155283,Concorde Career College-Kansas City,Kansas City,MO,39.0679907,-94.5897225
155292,Kansas City Kansas Community College,Kansas City,KS,39.1229393,-94.7483238
155308,Kansas Christian College,Overland Park,KS,38.9954397,-94.6664781
155317,University of Kansas,Lawrence,KS,38.9535051,-95.2630922
155335,Newman University,Wichita,KS,37.671762,-97.3791849
155353,Old Town Barber College-Wichita,Wichita,KS,36.144945,-80.301014
155399,Kansas State University,Manhattan,KS,39.20883,-96.5884512
155414,Kansas Wesleyan University,Salina,KS,38.8135329,-97.6100544
155423,Washburn Institute of Technology,Topeka,KS,39.0469802,-95.7507349
155450,Labette Community College,Parsons,KS,37.3391896,-95.2551722
155487,Manhattan Area Technical College,Manhattan,KS,39.19751,-96.6148102
155496,Manhattan Christian College,Manhattan,KS,39.1850867,-96.5789632
155511,McPherson College,McPherson,KS,38.3720718,-97.6447213
155520,MidAmerica Nazarene University,Olathe,KS,38.8739713,-94.7821899
155566,Neosho County Community College,Chanute,KS,37.6695036,-95.4640409
155593,North Central Kansas Technical College,Beloit,KS,39.4826046,-98.1096303
155618,Northwest Kansas Technical College,Goodland,KS,39.3449969,-101.6983085
155627,Ottawa University-Ottawa,Ottawa,KS,38.602937,-95.2638029
155636,Ottawa University-Kansas City,Overland Park,KS,38.9306,-94.6893
155681,Pittsburg State University,Pittsburg,KS,37.3904299,-94.6953939
155715,Pratt Community College,Pratt,KS,37.6544738,-98.7119955
155812,University of Saint Mary,Leavenworth,KS,39.2778813,-94.904488
155830,Salina Area Technical College,Salina,KS,38.7915595,-97.6360995
155858,Seward County Community College,Liberal,KS,37.0596139,-100.9175848
155900,Southwestern College,Winfield,KS,37.2492453,-96.9740191
155937,Sterling College,Sterling,KS,44.6517742,-72.3823322
155973,Tabor College,Hillsboro,KS,38.3456465,-97.1997449
156082,Washburn University,Topeka,KS,39.0336986,-95.7015689
156107,Wichita State University-Campus of Applied Sciences and Technology,Wichita,KS,37.7572059,-97.2251821
156125,Wichita State University,Wichita,KS,37.7193429,-97.2898878
156134,Wichita Technical Institute,Wichita,KS,37.801559,-97.33321
156189,Alice Lloyd College,Pippa Passes,KY,37.3362011,-82.8733923
156213,Asbury University,Wilmore,KY,37.8633341,-84.6652811
156222,Asbury Theological Seminary,Wilmore,KY,37.8616207,-84.6599278
156231,Ashland Community and Technical College,Ashland,KY,36.506389,-87.364122
156286,Bellarmine University,Louisville,KY,38.2187504,-85.7058411
156295,Berea College,Berea,KY,37.5717496,-84.2902111
156310,PJ's College of Cosmetology-Bowling Green,Bowling Green,KY,28.962049,-98.483093
156338,Southcentral Kentucky Community and Technical College,Bowling Green,KY,34.619455,-92.667698
156356,Brescia University,Owensboro,KY,37.7684492,-87.1117855
156365,Campbellsville University,Campbellsville,KY,37.3431658,-85.3505862
156392,Bluegrass Community and Technical College,Lexington,KY,38.0246825,-84.5031829
156408,Centre College,Danville,KY,37.6450445,-84.7811296
156417,Clear Creek Baptist Bible College,Pineville,KY,36.7260102,-83.731209
156426,Paul Mitchell the School-Lexington,Lexington,KY,37.846976,-90.515185
156471,Galen College of Nursing-Louisville,Louisville,KY,38.2811482,-85.4986359
156541,University of the Cumberlands,Williamsburg,KY,36.7384168,-84.1618783
156620,Eastern Kentucky University,Richmond,KY,37.7341619,-84.3011984
156648,Elizabethtown Community and Technical College,Elizabethtown,KY,37.6933741,-85.8788535
156727,Frontier Nursing University,Versailles,KY,38.0501079,-84.6958027
156745,Georgetown College,Georgetown,KY,38.2072849,-84.5547021
156754,PJ's College of Cosmetology-Glasgow,Glasgow,KY,32.973525,-111.515363
156790,Hazard Community and Technical College,Hazard,KY,37.2654831,-83.1805623
156842,Paul Mitchell the School-Louisville,Louisville,KY,43.700216,-98.035439
156851,Henderson Community College,Henderson,KY,36.0082596,-114.9652936
156860,Hopkinsville Community College,Hopkinsville,KY,36.8844442,-87.4895414
156921,Jefferson Community and Technical College,Louisville,KY,38.2466182,-85.7536613
156967,Summit Salon Academy-Lexington,Lexington,KY,41.141905,-80.677638
157021,American National University-Pikeville,Pikeville,KY,37.5391038,-82.6072615
157030,Kentucky Mountain Bible College,Jackson,KY,32.96577,-111.702258
157058,Kentucky State University,Frankfort,KY,38.2020167,-84.8563388
157076,Kentucky Wesleyan College,Owensboro,KY,37.7444927,-87.1202748
157085,University of Kentucky,Lexington,KY,38.0266291,-84.5047222
157100,Kentucky Christian University,Grayson,KY,38.340001,-82.9465337
157207,Lexington Theological Seminary,Lexington,KY,38.0372094,-84.5087797
157216,Lindsey Wilson College,Columbia,KY,37.1020748,-85.2996861
157289,University of Louisville,Louisville,KY,38.2133223,-85.7577075
157298,Louisville Presbyterian Theological Seminary,Louisville,KY,38.2370941,-85.6849615
157304,Madisonville Community College,Madisonville,KY,37.282081,-87.1195866
157331,Maysville Community and Technical College,Maysville,KY,38.6260685,-83.8059186
157377,Midway University,Midway,KY,38.1432956,-84.6731007
157386,Morehead State University,Morehead,KY,38.1867483,-83.4332396
157401,Murray State University,Murray,KY,36.6129699,-88.322088
157438,Gateway Community and Technical College,Florence,KY,33.55066,-91.623549
157447,Northern Kentucky University,Highland Heights,KY,39.0346853,-84.4659598
157483,West Kentucky Community and Technical College,Paducah,KY,37.0546403,-88.6581473
157535,University of Pikeville,Pikeville,KY,37.478897,-82.5209472
157553,Big Sandy Community and Technical College,Prestonsburg,KY,34.746962,-76.820231
157614,Empire Beauty School-Chenoweth,Louisville,KY,29.388486,-89.59783
157650,Empire Beauty School-Elizabethtown,Elizabethtown,KY,37.6974254,-85.8785089
157669,Empire Beauty School-Dixie,Louisville,KY,29.389146,-89.59877
157678,Empire Beauty School-Florence,Florence,KY,39.0096269,-84.6288756
157711,Somerset Community College,Somerset,KY,37.1786534,-84.4898275
157739,Southeast Kentucky Community & Technical College,Cumberland,KY,37.1211282,-82.8277262
157748,The Southern Baptist Theological Seminary,Louisville,KY,42.538768,-72.790566
157757,Spalding University,Louisville,KY,38.2409127,-85.7668958
157793,Sullivan University,Louisville,KY,38.2128601,-85.6705221
157809,Thomas More University,Crestview Hills,KY,39.0209185,-84.5676956
157818,Transylvania University,Lexington,KY,38.053107,-84.4939872
157863,Union College,Barbourville,KY,42.8175752,-73.9283917
157951,Western Kentucky University,Bowling Green,KY,36.984529,-86.457647
158088,Central Louisiana Technical Community College,Alexandria,LA,31.3103019,-92.4465163
158246,Ayers Career College,Shreveport,LA,38.923443,-89.430462
158325,Baton Rouge General Medical Center School of Nursing & School of Radiologic Technology,Baton Rouge,LA,29.479037,-89.695278
158431,Bossier Parish Community College,Bossier City,LA,32.538835,-93.6464404
158477,Centenary College of Louisiana,Shreveport,LA,32.4842248,-93.7317127
158538,Cloyd's Beauty School 1 Inc,West Monroe,LA,34.638846,-94.208809
158617,Crescent City Bartending School,New Orleans,LA,39.040112,-84.585043
158662,Delgado Community College,New Orleans,LA,29.9864561,-90.1041742
158778,Avery James College,Lake Charles,LA,30.6180273,-96.3235064
158787,Denham Springs Beauty School,Denham Springs,LA,38.768405,-77.216357
158802,Dillard University,New Orleans,LA,29.9962374,-90.0653678
158884,Nunez Community College,Chalmette,LA,29.9546771,-89.9608471
159009,Grambling State University,Grambling,LA,32.5195028,-92.7211638
159027,Guy's Shreveport Academy of Cosmetology Inc,Shreveport,LA,32.479481,-93.715621
159197,ITI Technical College,Baton Rouge,LA,36.207765,-77.930728
159328,John Jay Beauty College,Kenner,LA,37.838813,-82.439359
159373,Louisiana State University Health Sciences Center-New Orleans,New Orleans,LA,29.956837,-90.083135
159382,Louisiana State University-Alexandria,Alexandria,LA,31.1784566,-92.4153821
159391,Louisiana State University and Agricultural & Mechanical College,Baton Rouge,LA,30.4057618,-91.1859745
159407,Louisiana State University-Eunice,Eunice,LA,30.4743406,-92.4341408
159416,Louisiana State University-Shreveport,Shreveport,LA,32.4297329,-93.7024701
159513,Aveda Arts & Sciences Institute-Baton Rouge,Baton Rouge,LA,44.838471,-87.287596
159522,Aveda Arts & Sciences Institute-Lafayette,Lafayette,LA,35.341039,-77.675013
159531,Louisiana Academy of Beauty,Eunice,LA,38.024423,-84.487642
159568,Louisiana Christian University,Pineville,LA,40.60394,-75.390012
159601,Opelousas School of Cosmetology,Opelousas,LA,30.519935,-87.900446
159647,Louisiana Tech University,Ruston,LA,32.5263599,-92.6478015
159656,Loyola University New Orleans,New Orleans,LA,29.9356364,-90.1204516
159717,McNeese State University,Lake Charles,LA,30.1806247,-93.2162922
159939,University of New Orleans,New Orleans,LA,30.0283526,-90.0668428
159948,New Orleans Baptist Theological Seminary,New Orleans,LA,30.0091959,-90.0445335
159966,Nicholls State University,Thibodaux,LA,29.788594,-90.8035083
159993,University of Louisiana at Monroe,Monroe,LA,32.5318286,-92.0658112
160010,Northwest Louisiana Technical Community College,Minden,LA,41.779756,-73.104809
160038,Northwestern State University of Louisiana,Natchitoches,LA,31.0998453,-93.2321186
160065,University of Holy Cross,New Orleans,LA,29.9119808,-89.996294
160074,Franciscan Missionaries of Our Lady University,Baton Rouge,LA,30.4014536,-91.1099884
160117,Pat Goins Benton Road Beauty School,Shreveport,LA,32.843243,-90.345525
160126,Celebrity Stylist Beauty School,Monroe,LA,40.037689,-97.022767
160199,Pineville Beauty School,Pineville,LA,33.433326,-80.095131
160320,Aveda Arts & Sciences Institute-Covington,Covington,LA,35.341039,-77.675013
160409,Saint Joseph Seminary College,St. Benedict,LA,30.526858,-90.1136334
160472,LaSalle Tech,Houma,LA,41.367686,-89.123859
160481,Fletcher Technical Community College,Schriever,LA,29.6915377,-90.8110672
160524,Remington College-Lafayette Campus,Lafayette,LA,39.228849,-84.356321
160579,SOWELA Technical Community College,Lake Charles,LA,30.2169798,-93.1629852
160597,Stevensons Academy of Hair Design,New Orleans,LA,37.577517,-81.335402
160612,Southeastern Louisiana University,Hammond,LA,30.5182254,-90.4688149
160621,Southern University and A & M College,Baton Rouge,LA,30.5258156,-91.194946
160630,Southern University at New Orleans,New Orleans,LA,30.0255423,-90.0451259
160649,Southern University at Shreveport,Shreveport,LA,32.5446261,-93.8343333
160658,University of Louisiana at Lafayette,Lafayette,LA,30.21929,-92.041383
160667,Northshore Technical Community College,Lacombe,LA,30.3781858,-89.9003658
160755,Tulane University of Louisiana,New Orleans,LA,29.9579437,-90.0778585
160904,Xavier University of Louisiana,New Orleans,LA,29.9638897,-90.1092236
160959,College of the Atlantic,Bar Harbor,ME,44.3940742,-68.2199926
160977,Bates College,Lewiston,ME,44.1060827,-70.2023221
160995,Beal University,Bangor,ME,44.5815057,-70.2245748
161004,Bowdoin College,Brunswick,ME,43.9086973,-69.9614228
161022,Maine College of Health Professions,Lewiston,ME,36.062818,-94.157921
161077,Central Maine Community College,Auburn,ME,44.1321115,-70.2320624
161086,Colby College,Waterville,ME,44.5611873,-69.6584583
161138,Eastern Maine Community College,Bangor,ME,44.8259002,-68.7430605
161192,Kennebec Valley Community College,Fairfield,ME,44.5955843,-69.6100152
161208,The Landing School,Arundel,ME,43.3804513,-70.5036246
161217,University of Maine at Augusta,Augusta,ME,44.3368194,-69.7972081
161226,University of Maine at Farmington,Farmington,ME,44.6672179,-70.153299
161235,University of Maine at Fort Kent,Fort Kent,ME,47.2500221,-68.5881958
161253,University of Maine,Orono,ME,44.8991352,-68.6663746
161299,Maine Maritime Academy,Castine,ME,44.3879017,-68.8024324
161341,University of Maine at Presque Isle,Presque Isle,ME,46.670963,-68.0180332
161457,University of New England,Biddeford,ME,43.4591747,-70.3862214
161484,Northern Maine Community College,Presque Isle,ME,46.6950042,-68.0353584
161493,Empire Beauty School-Maine,Portland,ME,43.6678814,-70.258161
161509,Maine College of Art & Design,Portland,ME,42.586802,-74.769451
161518,Saint Joseph's College of Maine,Standish,ME,44.452286,-68.425579
161527,Spa Tech Institute-Westbrook,Westbrook,ME,35.313271,-77.783597
161545,Southern Maine Community College,South Portland,ME,43.6472293,-70.229185
161554,University of Southern Maine,Portland,ME,43.6624827,-70.2759264
161563,Thomas College,Waterville,ME,44.5242648,-69.6634365
161572,Unity College,New Gloucester,ME,44.6051634,-69.3309636
161581,Washington County Community College,Calais,ME,45.1651052,-67.2461907
161688,Allegany College of Maryland,Cumberland,MD,39.6523234,-78.7290617
161767,Anne Arundel Community College,Arnold,MD,39.0500226,-76.5126691
161800,Award Beauty School,Hagerstown,MD,37.838813,-82.439359
161855,Baltimore Studio of Hair Design,Baltimore,MD,39.29219,-76.705948
161864,Baltimore City Community College,Baltimore,MD,39.3214633,-76.6586841
161873,University of Baltimore,Baltimore,MD,39.3053993,-76.6165731
162007,Bowie State University,Bowie,MD,39.0183881,-76.7609512
162061,Capitol Technology University,Laurel,MD,39.0469821,-76.8514527
162104,Cecil College,North East,MD,39.6421241,-75.955277
162122,College of Southern Maryland,La Plata,MD,38.5589964,-77.0106524
162168,Chesapeake College,Wye Mills,MD,38.951059,-76.0824834
162210,Washington Adventist University,Takoma Park,MD,38.9861777,-77.0000231
162283,Coppin State University,Baltimore,MD,39.3110927,-76.6585289
162335,Del-Mar-Va Beauty Academy,Salisbury,MD,37.838813,-82.439359
162371,North American Trade Schools,Baltimore,MD,38.166055,-122.266393
162557,Frederick Community College,Frederick,MD,39.4523239,-77.4183187
162584,Frostburg State University,Frostburg,MD,39.6476066,-78.9405983
162609,Garrett College,McHenry,MD,39.5615972,-79.3392137
162654,Goucher College,Baltimore,MD,39.408995,-76.5928709
162690,Hagerstown Community College,Hagerstown,MD,39.6329566,-77.6684197
162706,Harford Community College,Bel Air,MD,39.5604675,-76.2830045
162760,Hood College,Frederick,MD,39.4229618,-77.4189171
162779,Howard Community College,Columbia,MD,39.2115115,-76.8774656
162830,Aveda Institute-Maryland,Bel Air,MD,39.5319025,-76.3499744
162928,Johns Hopkins University,Baltimore,MD,39.3302022,-76.6218536
163028,Lincoln College of Technology-Columbia,Columbia,MD,39.1740153,-76.8363726
163046,Loyola University Maryland,Baltimore,MD,38.992516,-76.991021
163204,University of Maryland Global Campus,Adelphi,MD,39.1809997,-76.7476124
163259,University of Maryland Baltimore,Baltimore,MD,39.2894478,-76.6263019
163268,University of Maryland-Baltimore County,Baltimore,MD,39.252377,-76.7089181
163286,University of Maryland-College Park,College Park,MD,38.9904124,-76.9438586
163295,Maryland Institute College of Art,Baltimore,MD,39.3050505,-76.619761
163338,University of Maryland Eastern Shore,Princess Anne,MD,38.2140373,-75.6828765
163347,Fortis Institute-Towson,Towson,MD,39.403352,-76.604374
163408,Montgomery Beauty School,Silver Spring,MD,44.878229,-72.564466
163426,Montgomery College,Rockville,MD,39.0985195,-77.1587885
163453,Morgan State University,Baltimore,MD,39.3446663,-76.5836094
163462,Mount St. Mary's University,Emmitsburg,MD,39.6805605,-77.3465509
163532,Ner Israel Rabbinical College,Baltimore,MD,39.3885209,-76.754701
163541,Hair Academy,New Carrollton,MD,30.631769,-81.581209
163578,Notre Dame of Maryland University,Baltimore,MD,39.3514279,-76.6194007
163657,Prince George's Community College,Largo,MD,38.8868714,-76.8263878
163815,Maryland Beauty Academy of Essex,Baltimore,MD,38.710459,-90.461511
163851,Salisbury University,Salisbury,MD,38.345692,-75.606895
163912,St. Mary's College of Maryland,St. Mary's City,MD,38.1903261,-76.4252365
163976,St. John's College,Annapolis,MD,35.6674411,-105.912113
164076,Towson University,Towson,MD,39.3869768,-76.6185804
164085,Maryland University of Integrative Health,Laurel,MD,39.1660408,-76.8879949
164155,United States Naval Academy,Annapolis,MD,38.9815984,-76.4832158
164173,Stevenson University,Owings Mills,MD,39.4267755,-76.7663005
164216,Washington College,Chestertown,MD,39.218376,-76.0692567
164270,McDaniel College,Westminster,MD,39.5852104,-77.0037145
164313,Wor-Wic Community College,Salisbury,MD,38.3733567,-75.5011048
164368,Hult International Business School,Cambridge,MA,40.674265,-111.840945
164447,American International College,Springfield,MA,42.113014,-72.559273
164465,Amherst College,Amherst,MA,42.3703768,-72.5160692
164492,Anna Maria College,Paxton,MA,42.3303679,-71.9197278
164535,Assabet Valley Regional Technical School,Marlborough,MA,42.3681574,-71.566141
164562,Assumption University,Worcester,MA,42.2953528,-71.8296438
164580,Babson College,Wellesley,MA,42.2949962,-71.2649172
164599,Bancroft School of Massage Therapy,Worcester,MA,42.642858,-111.867621
164614,Boston Baptist College,Boston,MA,42.2541543,-71.1098426
164632,Bay Path University,Longmeadow,MA,42.055796,-72.5841918
164641,Bay State College,Boston,MA,42.3509401,-71.0717712
164739,Bentley University,Waltham,MA,42.3834189,-71.2225864
164748,Berklee College of Music,Boston,MA,42.3457128,-71.0867654
164775,Berkshire Community College,Pittsfield,MA,42.4576093,-73.3158611
164845,Empire Beauty School-Boston,Boston,MA,29.388486,-89.59783
164872,Boston Architectural College,Boston,MA,42.3484348,-71.0859252
164915,Boston Graduate School of Psychoanalysis Inc,Brookline,MA,41.993617,-73.511448
164924,Boston College,Chestnut Hill,MA,42.3354481,-71.1682665
164988,Boston University,Boston,MA,42.3504324,-71.1017012
165015,Brandeis University,Waltham,MA,42.3665095,-71.2580196
165024,Bridgewater State University,Bridgewater,MA,41.9882958,-70.9635926
165033,Bristol Community College,Fall River,MA,41.7212648,-71.1202793
165060,Signature Healthcare Brockton Hospital School of Nursing,Brockton,MA,42.390098,-76.413928
165112,Bunker Hill Community College,Boston,MA,42.3762175,-71.0714596
165167,Cambridge College,Boston,MA,42.3813909,-71.0726639
165194,Cape Cod Community College,West Barnstable,MA,41.6927589,-70.3369364
165255,Catherine Hinds Institute of Esthetics,Woburn,MA,42.4935629,-71.1372098
165264,Laboure College of Healthcare,Milton,MA,32.973546,-111.513116
165334,Clark University,Worcester,MA,42.2514681,-71.8229509
165495,Conway School of Landscape Design,Northampton,MA,30.524047,-87.900908
165529,Curry College,Milton,MA,42.2378786,-71.1147115
165556,Lincoln Technical Institute-Somerville,Somerville,MA,35.471489,-81.23668
165574,Dean College,Franklin,MA,42.0846531,-71.3998378
165608,Diman Regional Technical Institute,Fall River,MA,37.780042,-89.072552
165635,National Aviation Academy of New England,Concord,MA,46.53918,-102.86822
165644,Eastern Nazarene College,Quincy,MA,42.2710754,-71.0121349
165662,Emerson College,Boston,MA,42.3521996,-71.0656808
165671,Emmanuel College,Boston,MA,42.3406848,-71.1029059
165699,Endicott College,Beverly,MA,42.5540691,-70.8441366
165750,Rob Roy Academy-Fall River,Fall River,MA,34.300384,-91.912179
165802,Fisher College,Boston,MA,42.3553679,-71.0737378
165820,Fitchburg State University,Fitchburg,MA,42.5882202,-71.7900066
165866,Framingham State University,Framingham,MA,42.2977791,-71.4373064
165884,Benjamin Franklin Cummings Institute of Technology,Boston,MA,35.715834,-80.495194
165936,Gordon College,Wenham,MA,42.5888528,-70.8203006
165945,Gordon-Conwell Theological Seminary,South Hamilton,MA,42.6103115,-70.8415426
165981,Greenfield Community College,Greenfield,MA,42.5982765,-72.6302298
166018,Hampshire College,Amherst,MA,42.3257701,-72.5322388
166027,Harvard University,Cambridge,MA,42.3657432,-71.1222139
166045,Hebrew College,Newton Centre,MA,42.3254381,-71.188571
166054,Hellenic College-Holy Cross Greek Orthodox School of Theology,Brookline,MA,42.3165207,-71.1269899
166124,College of the Holy Cross,Worcester,MA,42.2366865,-71.8070248
166133,Holyoke Community College,Holyoke,MA,42.1938906,-72.6515706
166391,Lasell University,Newton,MA,42.3410686,-71.2485963
166407,Lawrence Memorial Hospital School of Nursing,Medford,MA,39.293979,-110.926639
166452,Lesley University,Cambridge,MA,42.3864348,-71.1190947
166489,Longy School of Music of Bard College,Cambridge,MA,42.3784429,-71.1233492
166498,Lowell Academy Hairstyling Institute,Lowell,MA,40.494475,-77.48319
166513,University of Massachusetts-Lowell,Lowell,MA,42.6519097,-71.3173628
166629,University of Massachusetts-Amherst,Amherst,MA,42.3869693,-72.5301847
166638,University of Massachusetts-Boston,Boston,MA,42.314068,-71.0387132
166647,Massachusetts Bay Community College,Wellesley Hills,MA,42.2931682,-71.4134099
166656,MCPHS University,Boston,MA,34.365411,-89.53718
166674,Massachusetts College of Art and Design,Boston,MA,42.3368257,-71.0993071
166683,Massachusetts Institute of Technology,Cambridge,MA,42.3582529,-71.0966272
166692,Massachusetts Maritime Academy,Buzzards Bay,MA,41.7395496,-70.6239204
166708,University of Massachusetts Chan Medical School,Worcester,MA,37.570304,-77.537784
166717,William James College,Newton,MA,42.2946881,-71.2029387
166805,Massachusetts School of Barbering,Quincy,MA,40.850519,-73.635378
166823,Massasoit Community College,Brockton,MA,42.0772566,-70.988584
166850,Merrimack College,North Andover,MA,42.6668806,-71.1229218
166869,MGH Institute of Health Professions,Boston,MA,42.3749581,-71.0539507
166887,Middlesex Community College,Bedford,MA,41.5396356,-72.6110492
166911,Montserrat College of Art,Beverly,MA,42.563055,-70.869526
166939,Mount Holyoke College,South Hadley,MA,42.2553285,-72.5696688
166957,Mount Wachusett Community College,Gardner,MA,42.5947058,-71.9824622
167039,Rob Roy Academy-New Bedford,New Bedford,MA,34.300384,-91.912179
167057,The New England Conservatory of Music,Boston,MA,39.208138,-81.711214
167093,New England College of Optometry,Boston,MA,42.3518544,-71.0868076
167215,New England Law-Boston,Boston,MA,42.3494309,-71.06856
167260,Nichols College,Dudley,MA,42.0445408,-71.9314618
167288,Massachusetts College of Liberal Arts,North Adams,MA,42.6916179,-73.1045006
167297,North Bennet Street School,Boston,MA,42.3627775,-71.0545035
167312,North Shore Community College,Danvers,MA,42.5923662,-70.968817
167358,Northeastern University,Boston,MA,42.3389545,-71.088058
167376,Northern Essex Community College,Haverhill,MA,42.7966928,-71.0470029
167394,College of Our Lady of the Elms,Chicopee,MA,42.1419011,-72.600423
167464,Pope St John XXIII National Seminary,Weston,MA,43.405386,-124.260438
167525,Quincy College,Quincy,MA,42.252491,-71.003753
167534,Quinsigamond Community College,Worcester,MA,42.3144209,-71.7934228
167598,Regis College,Weston,MA,42.3506516,-71.3085244
167631,Roxbury Community College,Roxbury Crossing,MA,42.3280927,-71.0963586
167677,Saint John's Seminary,Brighton,MA,41.026739,-76.00836
167729,Salem State University,Salem,MA,36.0895154,-80.2239737
167783,Simmons University,Boston,MA,42.3389354,-71.1004318
167792,Bard College at Simon's Rock,Great Barrington,MA,42.2069757,-73.3750986
167835,Smith College,Northampton,MA,42.3162239,-72.6403931
167871,Southeastern Technical Institute,South Easton,MA,39.983153,-75.748055
167899,Springfield College,Springfield,MA,42.102842,-72.5567149
167905,Springfield Technical Community College,Springfield,MA,42.1085288,-72.5799735
167987,University of Massachusetts-Dartmouth,North Dartmouth,MA,41.6225037,-71.0073448
167996,Stonehill College,Easton,MA,42.0599777,-71.0793257
168005,Suffolk University,Boston,MA,42.3567011,-71.0610578
168032,Rob Roy Academy-Taunton,Taunton,MA,34.300384,-91.912179
168148,Tufts University,Medford,MA,42.4064913,-71.1180073
168218,Wellesley College,Wellesley,MA,42.291776,-71.3032752
168227,Wentworth Institute of Technology,Boston,MA,42.3365725,-71.095373
168254,Western New England University,Springfield,MA,42.1125825,-72.5147814
168263,Westfield State University,Westfield,MA,42.1339673,-72.7993918
168281,Wheaton College (Massachusetts),Norton,MA,41.87031,-88.09868
168342,Williams College,Williamstown,MA,42.7130236,-73.2030082
168421,Worcester Polytechnic Institute,Worcester,MA,42.274315,-71.8084567
168430,Worcester State University,Worcester,MA,42.2677195,-71.8427016
168528,Adrian College,Adrian,MI,41.8984947,-84.0608324
168546,Albion College,Albion,MI,42.2437255,-84.742901
168555,Hillsdale Beauty College,Hillsdale,MI,41.9187061,-84.6313999
168573,Northwestern Technological Institute,Southfield,MI,42.4720799,-83.2388255
168591,Alma College,Alma,MI,43.381474,-84.671349
168607,Alpena Community College,Alpena,MI,45.0815532,-83.4446306
168740,Andrews University,Berrien Springs,MI,41.9696627,-86.3633155
168786,Aquinas College,Grand Rapids,MI,42.9600082,-85.6249899
168847,Baker College,Owosso,MI,42.9762426,-83.6967251
168883,Bay de Noc Community College,Escanaba,MI,45.7717425,-87.0864743
168892,Bayshire Academy of Beauty Craft Inc,Bay City,MI,40.494475,-77.48319
169080,Calvin University,Grand Rapids,MI,42.9320314,-85.580364
169099,Calvin Theological Seminary,Grand Rapids,MI,42.9280945,-85.5862293
169187,Carnegie Institute,Troy,MI,40.858695,-73.466492
169220,Michigan School of Psychology,Farmington Hills,MI,42.49145,-83.3597121
